CUST_ID,SK_ID_CURR,SK_BUREAU_ID,CREDIT_ACTIVE,CREDIT_CURRENCY,DAYS_CREDIT,CREDIT_DAY_OVERDUE,DAYS_CREDIT_ENDDATE,DAYS_ENDDATE_FACT,AMT_CREDIT_MAX_OVERDUE,CNT_CREDIT_PROLONG,AMT_CREDIT_SUM,AMT_CREDIT_SUM_DEBT,AMT_CREDIT_SUM_LIMIT,AMT_CREDIT_SUM_OVERDUE
1,1,1,1,USD,51,0,134,0,0,0,136,4334,1740,0
2,2,2,1,USD,3,0,175,0,0,0,263,9107,575,0
3,3,3,1,USD,204,0,60,0,0,0,361,2856,2407,0
4,4,4,1,USD,116,0,68,0,0,0,48,8168,335,0
5,5,5,1,USD,58,0,187,20,0,0,797,9810,1761,0
6,6,6,1,USD,295,0,54,0,0,0,629,4179,1697,0
7,7,7,1,USD,14,0,107,245,0,0,1000,1347,323,0
8,8,8,1,USD,32,0,155,0,0,0,850,6245,2216,0
9,9,9,1,USD,67,0,280,0,0,0,571,8942,1287,0
10,10,10,1,USD,34,0,179,0,0,0,935,9714,812,0
11,11,11,1,USD,44,0,121,0,2789,0,322,1815,1273,0
12,12,12,1,USD,168,0,48,285,0,0,372,4454,266,0
13,13,13,1,USD,2,0,155,0,0,0,493,7940,1090,0
14,14,14,1,USD,62,0,224,0,0,0,614,4379,493,0
15,15,15,1,USD,97,0,145,0,0,0,65,8098,2094,0
16,16,16,1,USD,31,0,166,0,0,0,800,2046,1628,0
17,17,17,1,USD,118,0,134,0,0,0,203,6673,592,0
18,18,18,0,USD,194,0,115,5,0,0,88,8609,2111,0
19,19,19,1,USD,272,0,6,0,0,0,11,9225,1299,0
20,20,20,1,USD,479,0,75,0,0,0,935,7640,2434,0
21,21,21,1,USD,265,0,83,0,0,0,56,7109,1039,0
22,22,22,1,USD,52,0,336,0,0,0,663,4640,1023,0
23,23,23,1,USD,161,0,23,0,0,0,793,5617,2100,0
24,24,24,1,USD,90,0,186,200,0,0,753,313,2432,0
25,25,25,1,USD,19,0,151,0,0,0,874,3363,1804,0
26,26,26,1,USD,263,0,16,0,0,0,447,407,1169,0
27,27,27,1,USD,20,0,130,0,0,0,216,1762,1685,0
28,28,28,1,USD,2,0,131,0,0,0,340,5826,2112,0
29,29,29,1,USD,242,0,24,0,0,0,261,9566,2392,0
30,30,30,1,USD,164,0,66,10,0,97,919,3072,2636,0
31,31,31,1,USD,146,0,160,115,0,0,652,8161,2064,0
32,32,32,1,USD,35,0,112,0,0,0,627,5179,2136,0
33,33,33,1,USD,197,0,30,150,0,0,936,8290,1582,0
34,34,34,1,USD,107,0,17,185,0,0,406,6887,1390,0
35,35,35,1,USD,61,0,110,0,8677,0,70,1840,1316,0
36,36,36,1,USD,183,0,7,0,0,0,610,3768,2360,0
37,37,37,1,USD,314,0,181,0,0,0,140,3503,1296,0
38,38,38,0,USD,89,0,181,0,0,0,718,7161,1527,0
39,39,39,1,USD,48,0,151,0,9342,0,930,692,2743,0
40,40,40,1,USD,30,0,150,0,6193,0,508,5161,2721,0
41,41,41,1,USD,65,0,218,0,0,0,908,9215,1133,0
42,42,42,1,USD,190,0,62,0,0,0,497,5742,637,0
43,43,43,1,USD,194,0,3,0,0,0,529,7421,482,0
44,44,44,1,USD,26,0,108,0,0,0,570,8309,1362,0
45,45,45,1,USD,158,0,15,0,0,0,489,4309,599,0
46,46,46,0,USD,148,0,9,0,0,0,779,8979,1297,0
47,47,47,1,USD,53,0,175,0,0,0,882,6650,97,0
48,48,48,1,USD,195,0,64,0,0,0,253,1436,2148,0
49,49,49,1,USD,217,0,56,0,0,0,473,4112,2054,0
50,50,50,1,USD,300,99,120,0,0,0,294,9814,451,2
51,51,51,1,USD,216,0,70,55,0,0,717,9819,1445,0
52,52,52,1,USD,49,0,284,0,0,0,818,8640,2699,0
53,53,53,1,USD,219,0,71,220,0,0,63,134,167,0
54,54,54,1,USD,41,0,104,-40,0,0,702,6026,1053,0
55,55,55,0,USD,110,0,22,0,0,0,686,6400,822,0
56,56,56,1,USD,46,0,125,160,0,0,927,6409,2904,0
57,57,57,1,USD,213,0,58,0,0,0,893,4894,212,0
58,58,58,1,USD,65,0,139,0,0,0,125,5238,1168,0
59,59,59,1,USD,3,0,139,0,0,0,164,3887,101,0
60,60,60,1,USD,13,91,157,0,0,0,49,6123,1735,352
61,61,61,1,USD,126,0,10,0,0,0,679,3197,2272,0
62,62,62,1,USD,168,0,75,0,0,0,872,6448,1867,0
63,63,63,1,USD,7,0,228,0,0,0,806,3520,2423,0
64,64,64,1,USD,72,0,167,190,0,0,320,4357,2383,0
65,65,65,1,USD,21,0,163,0,0,0,995,8428,2694,0
66,66,66,1,USD,39,0,168,0,0,0,721,7796,2624,0
67,67,67,1,USD,103,0,30,0,6533,0,690,71,1281,0
68,68,68,1,USD,125,0,29,0,0,0,921,9761,2397,0
69,69,69,1,USD,514,0,50,0,0,0,367,6889,1444,0
70,70,70,0,USD,99,0,192,0,0,0,169,5147,2799,0
71,71,71,0,USD,168,0,1,0,0,0,332,7785,481,0
72,72,72,1,USD,152,0,39,0,0,0,761,3965,713,0
73,73,73,1,USD,27,0,172,340,0,78,942,9351,2492,0
74,74,74,1,USD,57,0,207,0,0,0,429,371,67,0
75,75,75,1,USD,130,0,64,-10,0,0,793,8055,1169,0
76,76,76,0,USD,30,0,126,0,0,0,502,564,836,0
77,77,77,1,USD,66,0,104,10,0,0,142,1754,246,0
78,78,78,0,USD,4,0,146,0,0,0,610,3873,535,0
79,79,79,1,USD,186,0,30,0,0,0,364,7280,189,0
80,80,80,1,USD,48,40,112,0,0,0,108,8809,2057,13
81,81,81,1,USD,18,0,311,0,0,0,736,3105,1729,0
82,82,82,0,USD,130,0,169,0,0,0,465,3665,2747,0
83,83,83,1,USD,705,0,23,0,0,0,295,5558,791,0
84,84,84,1,USD,115,35,47,0,0,96,38,7012,1491,191
85,85,85,1,USD,82,0,143,60,0,0,801,5981,716,0
86,86,86,1,USD,3,70,224,0,334,0,490,4952,1908,133
87,87,87,1,USD,0,0,133,0,0,0,644,4093,2641,0
88,88,88,1,USD,57,0,311,0,0,0,173,318,2131,0
89,89,89,1,USD,118,0,72,0,0,0,800,6556,1538,0
90,90,90,0,USD,137,0,28,0,1261,0,519,8759,561,0
91,91,91,1,USD,29,0,219,165,0,0,851,8817,1433,0
92,92,92,1,USD,177,0,133,0,0,0,890,820,1787,0
93,93,93,1,USD,51,0,252,0,0,0,314,9053,2342,0
94,94,94,1,USD,61,0,187,0,0,0,288,9164,402,0
95,95,95,0,USD,20,0,105,0,0,0,744,35,1564,0
96,96,96,1,USD,125,0,107,95,0,0,404,7091,1892,0
97,97,97,1,USD,348,0,32,20,0,0,314,222,571,0
98,98,98,1,USD,56,0,106,0,0,0,526,3373,930,0
99,99,99,1,USD,206,0,94,0,0,33,415,4998,679,0
100,100,100,1,USD,11,0,141,0,0,0,838,1109,1324,0
101,101,101,1,USD,20,0,226,70,0,0,185,1524,1376,0
102,102,102,1,USD,70,0,308,0,0,0,647,7154,1385,0
103,103,103,1,USD,30,0,239,0,0,0,620,2701,2881,0
104,104,104,1,USD,4,0,120,195,0,0,965,6534,759,0
105,105,105,1,USD,226,0,12,0,0,0,951,8494,2412,0
106,106,106,0,USD,207,0,103,0,0,0,111,7296,2225,0
107,107,107,1,USD,85,0,116,0,0,0,227,7270,1885,0
108,108,108,1,USD,55,0,123,0,0,0,601,902,42,0
109,109,109,0,USD,301,0,105,0,0,0,996,294,1850,0
110,110,110,1,USD,43,0,156,0,0,0,161,5408,1867,0
111,111,111,1,USD,5,0,156,0,3924,0,784,3250,128,0
112,112,112,1,USD,65,0,174,0,0,0,860,896,1373,0
113,113,113,1,USD,4,0,202,195,0,0,499,7964,2639,0
114,114,114,1,USD,15,0,159,0,0,0,956,9070,2943,0
115,115,115,1,USD,20,0,137,0,0,0,766,3029,2598,0
116,116,116,1,USD,153,34,18,0,0,96,897,3550,1369,11
117,117,117,0,USD,105,0,83,0,0,0,184,7975,384,0
118,118,118,1,USD,89,0,222,295,0,0,266,637,2352,0
119,119,119,1,USD,61,0,119,0,0,0,748,9313,1241,0
120,120,120,0,USD,24,0,230,180,0,0,952,5446,1577,0
121,121,121,1,USD,24,0,276,220,0,0,864,6948,674,0
122,122,122,1,USD,61,0,204,0,0,37,815,8340,274,0
123,123,123,1,USD,70,0,247,0,0,0,475,1999,2949,0
124,124,124,1,USD,4,0,121,0,0,0,259,761,1763,0
125,125,125,1,USD,137,0,22,-25,0,0,442,7136,895,0
126,126,126,1,USD,207,0,113,100,0,0,459,4800,467,0
127,127,127,1,USD,68,0,139,0,0,0,971,8292,1995,0
128,128,128,1,USD,159,0,143,0,0,0,874,4456,2043,0
129,129,129,1,USD,147,62,83,195,0,0,702,4820,1404,106
130,130,130,0,USD,30,0,106,-30,0,0,17,4013,1464,0
131,131,131,1,USD,64,0,107,0,0,0,710,6345,2071,0
132,132,132,1,USD,124,0,2,0,0,0,272,1284,1182,0
133,133,133,1,USD,225,0,146,0,0,0,211,8699,1761,0
134,134,134,1,USD,19,0,302,0,0,0,680,9403,908,0
135,135,135,1,USD,22,0,268,170,0,0,916,5232,86,0
136,136,136,0,USD,172,0,76,0,0,0,868,7261,107,0
137,137,137,0,USD,61,0,107,0,0,0,19,4980,2832,0
138,138,138,1,USD,185,0,86,0,0,0,727,6308,1371,0
139,139,139,0,USD,75,0,163,0,0,0,177,5214,1154,0
140,140,140,1,USD,38,0,216,0,0,0,463,9681,2300,0
141,141,141,1,USD,95,0,169,0,0,0,198,574,340,0
142,142,142,1,USD,91,0,136,0,0,0,840,2938,722,0
143,143,143,1,USD,26,0,137,0,0,0,910,5204,1419,0
144,144,144,1,USD,98,0,337,0,8420,0,731,9317,1871,0
145,145,145,1,USD,94,0,142,0,0,0,912,2727,1501,0
146,146,146,0,USD,58,0,144,0,0,0,281,1368,1504,0
147,147,147,1,USD,211,0,123,0,0,0,412,1807,1344,0
148,148,148,1,USD,17,0,280,240,0,0,767,7663,2014,0
149,149,149,1,USD,14,0,203,0,0,0,905,7175,572,0
150,150,150,1,USD,4,0,104,0,0,0,890,7963,2967,0
151,151,151,1,USD,74,50,264,0,0,100,311,8725,2243,50
152,152,152,1,USD,6,0,131,0,0,0,937,1018,68,0
153,153,153,1,USD,95,0,118,0,0,0,864,9109,2382,0
154,154,154,0,USD,207,0,136,0,0,0,144,8042,2618,0
155,155,155,1,USD,54,0,221,0,0,0,105,5590,273,0
156,156,156,1,USD,11,0,111,0,0,0,92,4765,845,0
157,157,157,0,USD,276,0,10,0,4562,0,356,1099,2778,0
158,158,158,1,USD,73,0,103,0,0,0,894,8489,726,0
159,159,159,1,USD,6,0,219,0,0,0,931,9889,1930,0
160,160,160,1,USD,322,0,26,0,0,0,607,6034,1658,0
161,161,161,0,USD,16,0,186,0,0,0,377,1395,1921,0
162,162,162,0,USD,269,0,56,0,0,0,755,3239,2037,0
163,163,163,1,USD,41,0,147,0,0,0,469,5702,2388,0
164,164,164,0,USD,24,0,116,0,0,0,332,1133,816,0
165,165,165,1,USD,468,0,46,305,0,0,219,5082,2545,0
166,166,166,0,USD,46,0,119,0,0,0,938,9160,2280,0
167,167,167,1,USD,51,0,347,70,0,0,536,4465,2353,0
168,168,168,1,USD,74,0,168,0,0,0,765,3543,616,0
169,169,169,1,USD,13,0,249,0,0,32,501,4227,2584,0
170,170,170,1,USD,85,0,215,0,0,0,378,6550,2033,0
171,171,171,1,USD,92,0,153,0,0,0,844,5918,257,0
172,172,172,1,USD,7,46,120,0,0,0,573,120,1527,46
173,173,173,1,USD,80,0,280,0,0,0,502,6563,1661,0
174,174,174,0,USD,34,0,152,0,0,0,809,7148,699,0
175,175,175,1,USD,351,0,59,0,0,0,365,8418,884,0
176,176,176,1,USD,31,0,255,0,0,0,688,2098,385,0
177,177,177,1,USD,7,0,104,0,0,0,367,1348,885,0
178,178,178,1,USD,122,0,35,35,0,0,684,9393,1640,0
179,179,179,1,USD,51,0,186,0,0,0,644,7674,2918,0
180,180,180,1,USD,157,0,30,0,6961,0,290,3215,2,0
181,181,181,0,USD,33,0,185,0,0,0,230,1414,518,0
182,182,182,1,USD,6,0,188,0,0,0,844,2119,27,0
183,183,183,1,USD,86,0,232,0,0,0,435,8015,2988,0
184,184,184,1,USD,15,0,172,0,0,0,737,6269,2443,0
185,185,185,1,USD,122,0,4,0,0,0,234,719,2860,0
186,186,186,1,USD,17,0,107,0,5328,0,753,6265,498,0
187,187,187,0,USD,41,30,133,0,0,91,674,711,1236,19
188,188,188,1,USD,123,0,4,0,0,0,151,9071,2374,0
189,189,189,1,USD,222,0,13,0,3007,0,237,7560,749,0
190,190,190,1,USD,160,0,115,0,6300,65,938,7967,313,0
191,191,191,1,USD,29,0,144,235,0,0,619,3516,1902,0
192,192,192,1,USD,114,0,22,75,0,0,809,6511,1901,0
193,193,193,1,USD,4,0,122,0,0,0,673,3722,1381,0
194,194,194,1,USD,3,0,175,0,0,0,600,1387,1486,0
195,195,195,1,USD,67,0,173,0,0,0,250,3414,1831,0
196,196,196,0,USD,6,0,199,175,0,0,218,4508,407,0
197,197,197,0,USD,199,0,53,0,0,0,439,3565,224,0
198,198,198,1,USD,227,0,40,0,0,0,767,533,2620,0
199,199,199,1,USD,6,0,170,0,0,0,879,6770,1667,0
200,200,200,1,USD,41,0,149,0,0,0,105,3510,978,0
201,201,201,0,USD,225,0,174,0,0,0,786,5208,2291,0
202,202,202,1,USD,34,0,343,0,0,0,729,4781,1961,0
203,203,203,1,USD,273,0,87,0,0,0,147,5058,2207,0
204,204,204,1,USD,179,0,6,0,0,0,723,9033,308,0
205,205,205,1,USD,17,0,178,0,0,0,117,4177,2680,0
206,206,206,0,USD,29,0,145,0,0,0,451,8624,349,0
207,207,207,1,USD,540,0,84,0,0,0,885,9816,870,0
208,208,208,1,USD,68,0,148,0,0,0,531,3191,1592,0
209,209,209,1,USD,166,0,17,0,0,0,648,3928,2836,0
210,210,210,0,USD,3,0,105,115,0,0,118,2748,72,0
211,211,211,1,USD,41,0,100,0,0,0,773,9896,730,0
212,212,212,1,USD,44,0,217,0,4200,0,740,2894,1975,0
213,213,213,1,USD,17,0,167,0,7522,0,970,6398,49,0
214,214,214,1,USD,122,0,64,0,0,0,418,67,1280,0
215,215,215,1,USD,64,0,109,345,0,0,470,1865,839,0
216,216,216,1,USD,172,0,11,0,0,0,110,8691,2830,0
217,217,217,1,USD,62,0,200,60,0,0,245,8231,1870,0
218,218,218,1,USD,25,0,225,0,0,0,778,6813,1502,0
219,219,219,1,USD,192,0,67,0,0,47,734,6822,60,0
220,220,220,1,USD,9,0,137,0,0,0,945,7741,1983,0
221,221,221,1,USD,8,0,108,0,0,0,252,9346,1681,0
222,222,222,1,USD,51,0,156,0,0,96,755,3980,330,0
223,223,223,1,USD,94,0,146,50,0,0,28,4356,2470,0
224,224,224,1,USD,8,0,179,0,0,0,45,7354,1921,0
225,225,225,1,USD,11,0,182,0,0,0,823,8287,2160,0
226,226,226,1,USD,268,0,28,0,0,0,794,3799,1727,0
227,227,227,1,USD,25,0,246,0,0,98,805,9206,1615,0
228,228,228,1,USD,12,0,189,0,0,45,522,7765,1987,0
229,229,229,1,USD,38,0,150,325,6835,0,273,438,2161,0
230,230,230,1,USD,16,0,112,5,0,0,845,2590,2932,0
231,231,231,0,USD,3,0,101,0,0,0,363,9094,471,0
232,232,232,0,USD,72,0,213,0,0,0,985,1060,452,0
233,233,233,1,USD,124,0,99,0,0,0,843,3222,1823,0
234,234,234,0,USD,57,0,166,0,0,0,141,7768,2670,0
235,235,235,1,USD,88,0,118,0,0,0,253,769,2326,0
236,236,236,1,USD,95,0,138,280,0,0,270,9685,388,0
237,237,237,1,USD,87,0,214,0,0,0,754,9159,2871,0
238,238,238,1,USD,102,0,113,0,0,70,363,4871,1499,0
239,239,239,0,USD,53,0,289,0,0,0,349,4462,1542,0
240,240,240,1,USD,61,0,418,0,0,0,279,3595,2457,0
241,241,241,1,USD,84,58,107,0,0,0,481,8338,1387,119
242,242,242,1,USD,81,0,159,0,0,0,837,5323,197,0
243,243,243,1,USD,61,0,108,0,0,0,636,9127,1007,0
244,244,244,1,USD,86,0,235,210,0,58,621,7976,2761,0
245,245,245,0,USD,36,0,147,100,0,0,376,9509,1113,0
246,246,246,0,USD,126,0,123,0,0,0,42,1839,410,0
247,247,247,1,USD,74,0,129,0,0,0,152,3342,638,0
248,248,248,1,USD,149,0,33,200,0,0,831,3870,2375,0
249,249,249,0,USD,92,0,209,0,0,0,938,3936,1159,0
250,250,250,1,USD,162,0,70,125,0,0,180,2840,2406,0
251,251,251,1,USD,121,0,5,0,0,0,553,1115,309,0
252,252,252,1,USD,128,56,32,0,0,0,981,6864,1551,42
253,253,253,1,USD,93,0,111,0,0,0,138,8282,762,0
254,254,254,1,USD,83,0,103,0,0,0,417,8226,1826,0
255,255,255,1,USD,411,0,15,0,0,0,751,3791,2496,0
256,256,256,1,USD,132,0,65,0,0,0,626,4056,1923,0
257,257,257,1,USD,110,0,127,115,0,0,295,7571,1319,0
258,258,258,1,USD,218,0,3,0,0,0,123,2652,2563,0
259,259,259,1,USD,98,0,120,0,0,0,760,9083,2903,0
260,260,260,0,USD,63,64,152,170,0,0,800,2650,459,110
261,261,261,1,USD,45,0,161,0,0,0,114,6073,2502,0
262,262,262,1,USD,129,0,213,0,8084,0,644,5207,1292,0
263,263,263,0,USD,58,0,183,0,0,0,846,6841,863,0
264,264,264,1,USD,6,0,117,0,0,0,920,8222,2552,0
265,265,265,1,USD,8,0,118,0,0,0,940,9960,62,0
266,266,266,1,USD,43,0,132,0,0,0,149,6252,2008,0
267,267,267,1,USD,312,0,4,280,0,0,604,1389,528,0
268,268,268,1,USD,8,0,312,55,0,0,885,1038,2746,0
269,269,269,1,USD,9,0,128,0,0,0,552,4328,1255,0
270,270,270,1,USD,132,0,96,0,0,0,739,8020,1580,0
271,271,271,1,USD,82,0,259,0,0,0,274,7064,3000,0
272,272,272,1,USD,155,0,47,0,0,0,93,9415,2712,0
273,273,273,1,USD,189,0,217,0,0,0,34,6295,630,0
274,274,274,1,USD,166,0,1,0,0,0,26,3389,1077,0
275,275,275,1,USD,19,0,128,90,0,0,985,4148,2683,0
276,276,276,1,USD,16,0,104,0,0,0,471,4760,629,0
277,277,277,1,USD,255,0,258,70,0,0,664,6758,2889,0
278,278,278,1,USD,21,0,133,0,0,0,564,2046,2504,0
279,279,279,1,USD,74,0,143,130,0,0,995,8800,2118,0
280,280,280,1,USD,7,0,107,0,0,56,5,9698,240,0
281,281,281,1,USD,144,0,30,0,0,0,709,6557,2185,0
282,282,282,1,USD,103,0,21,0,0,0,225,1175,2100,0
283,283,283,1,USD,30,42,181,0,0,0,301,5286,923,76
284,284,284,1,USD,63,0,115,185,0,0,404,661,2070,0
285,285,285,1,USD,160,0,266,190,0,0,605,7151,648,0
286,286,286,1,USD,186,0,13,0,0,0,94,247,1475,0
287,287,287,1,USD,6,0,224,195,0,0,128,9320,2611,0
288,288,288,1,USD,39,0,148,0,0,0,748,4785,2430,0
289,289,289,1,USD,204,0,30,0,0,0,683,9972,2245,0
290,290,290,1,USD,66,0,205,0,0,0,396,3859,1983,0
291,291,291,1,USD,310,45,69,180,0,0,312,4504,1466,185
292,292,292,1,USD,87,0,163,0,0,0,167,6672,2140,0
293,293,293,0,USD,220,0,60,0,0,0,474,4570,1985,0
294,294,294,1,USD,16,0,111,0,0,0,359,5883,1646,0
295,295,295,1,USD,102,0,148,0,0,0,145,4263,1211,0
296,296,296,1,USD,76,0,124,0,0,0,530,8916,981,0
297,297,297,1,USD,86,0,218,0,0,0,3,8658,63,0
298,298,298,1,USD,20,0,208,0,0,0,978,4097,2641,0
299,299,299,1,USD,167,0,46,160,0,0,29,7750,1776,0
300,300,300,1,USD,159,88,293,0,0,0,522,514,503,10
301,301,301,0,USD,212,0,28,0,0,45,587,9288,539,0
302,302,302,1,USD,49,0,262,155,0,0,639,3886,646,0
303,303,303,1,USD,20,0,114,0,0,0,850,8853,250,0
304,304,304,0,USD,81,0,208,0,0,0,728,2854,1841,0
305,305,305,1,USD,20,0,181,0,0,0,853,4147,2371,0
306,306,306,1,USD,31,0,148,0,0,0,482,2135,487,0
307,307,307,1,USD,1,0,102,0,0,0,565,9153,1186,0
308,308,308,1,USD,10,0,123,0,0,0,503,7180,1537,0
309,309,309,1,USD,38,0,154,0,0,0,558,5612,1443,0
310,310,310,1,USD,27,0,107,0,0,0,106,6864,1574,0
311,311,311,1,USD,8,0,129,0,0,0,758,12,1316,0
312,312,312,1,USD,17,0,364,0,0,0,41,8341,1846,0
313,313,313,0,USD,71,0,112,0,0,0,581,3126,1284,0
314,314,314,0,USD,292,0,41,0,0,0,560,4176,1263,0
315,315,315,1,USD,88,0,220,0,8870,0,653,4433,1228,0
316,316,316,1,USD,81,0,125,0,0,0,448,3790,1075,0
317,317,317,1,USD,7,0,255,0,0,0,495,6421,2089,0
318,318,318,1,USD,92,0,106,0,0,0,202,7912,409,0
319,319,319,0,USD,189,0,9,0,0,0,483,639,2897,0
320,320,320,0,USD,76,0,207,0,0,0,788,7444,1815,0
321,321,321,1,USD,25,0,163,0,0,0,581,3806,1105,0
322,322,322,1,USD,116,0,7,0,0,0,27,2763,300,0
323,323,323,1,USD,0,0,126,0,0,0,212,4904,2374,0
324,324,324,1,USD,14,0,329,0,0,0,145,5940,1538,0
325,325,325,1,USD,114,0,73,230,0,0,165,6052,2059,0
326,326,326,1,USD,311,0,102,0,9429,0,21,2038,2264,0
327,327,327,1,USD,49,0,297,0,0,0,607,5574,1556,0
328,328,328,1,USD,37,0,115,200,0,0,567,6073,1056,0
329,329,329,1,USD,85,0,109,0,0,0,188,7371,92,0
330,330,330,1,USD,2,0,173,0,0,0,612,3049,2959,0
331,331,331,0,USD,130,0,26,0,0,0,970,21,2310,0
332,332,332,1,USD,12,0,101,0,0,0,887,6381,1253,0
333,333,333,0,USD,52,0,131,0,0,0,701,7746,1772,0
334,334,334,1,USD,250,0,54,0,0,0,983,510,306,0
335,335,335,1,USD,32,0,146,30,0,0,239,699,2082,0
336,336,336,0,USD,299,0,15,0,0,0,384,1614,2076,0
337,337,337,1,USD,155,0,112,0,0,0,178,7929,2639,0
338,338,338,1,USD,2,0,144,0,0,0,431,5192,2250,0
339,339,339,1,USD,35,0,139,80,8157,0,112,1978,2781,0
340,340,340,1,USD,145,89,7,0,9981,0,412,5204,2695,99
341,341,341,0,USD,162,0,149,0,0,0,99,876,2740,0
342,342,342,1,USD,5,0,180,0,0,0,969,1541,1654,0
343,343,343,0,USD,205,0,91,0,0,0,640,6667,920,0
344,344,344,1,USD,1,0,312,0,1005,0,572,5453,15,0
345,345,345,1,USD,48,0,116,0,0,0,783,2004,2525,0
346,346,346,1,USD,46,0,190,0,0,0,945,2512,2710,0
347,347,347,0,USD,375,0,27,0,0,0,361,7692,2369,0
348,348,348,1,USD,200,0,76,0,0,0,196,4109,2589,0
349,349,349,1,USD,70,0,260,0,0,0,383,2866,2875,0
350,350,350,1,USD,67,0,284,0,0,0,637,2660,940,0
351,351,351,1,USD,77,0,144,55,0,0,718,9849,1206,0
352,352,352,1,USD,48,0,150,100,0,0,202,4619,2497,0
353,353,353,1,USD,4,0,169,0,0,0,21,946,1466,0
354,354,354,1,USD,4,0,126,0,0,72,423,189,1253,0
355,355,355,1,USD,34,0,107,0,0,0,630,2105,301,0
356,356,356,1,USD,58,0,126,15,0,0,575,2805,1225,0
357,357,357,1,USD,130,0,139,0,0,0,172,3741,1354,0
358,358,358,1,USD,104,0,39,0,0,0,307,7526,2204,0
359,359,359,1,USD,74,0,115,25,0,0,133,39,2685,0
360,360,360,1,USD,5,0,169,0,0,0,306,5690,126,0
361,361,361,1,USD,127,0,2,0,0,0,350,9831,2320,0
362,362,362,1,USD,62,0,253,0,0,0,285,8,82,0
363,363,363,1,USD,52,0,102,0,0,94,481,1330,813,0
364,364,364,1,USD,14,0,230,-60,0,0,873,9012,1371,0
365,365,365,1,USD,23,0,141,0,0,0,312,6356,712,0
366,366,366,1,USD,60,0,175,0,0,0,87,4413,2811,0
367,367,367,1,USD,94,62,111,0,0,0,341,7374,2902,84
368,368,368,1,USD,15,0,155,0,0,0,146,9085,523,0
369,369,369,0,USD,135,0,75,0,0,0,799,7423,1119,0
370,370,370,1,USD,125,0,72,0,0,0,904,2798,1891,0
371,371,371,1,USD,39,0,107,0,0,0,411,7361,2259,0
372,372,372,1,USD,78,0,128,0,6288,0,784,1426,2508,0
373,373,373,1,USD,17,0,134,0,0,0,874,9530,1185,0
374,374,374,1,USD,176,0,206,0,0,0,692,9383,2722,0
375,375,375,0,USD,21,98,251,210,0,0,499,9578,2241,145
376,376,376,1,USD,181,40,24,0,0,0,518,3046,50,15
377,377,377,1,USD,80,0,102,0,0,0,783,7030,818,0
378,378,378,1,USD,59,94,166,0,0,0,958,2085,2569,37
379,379,379,1,USD,32,0,221,190,0,0,667,1276,438,0
380,380,380,1,USD,11,0,132,0,0,0,989,5197,2582,0
381,381,381,1,USD,132,0,105,0,0,0,916,5169,1761,0
382,382,382,0,USD,152,69,65,0,0,0,856,9252,1948,142
383,383,383,1,USD,308,90,78,0,0,0,73,6693,1522,52
384,384,384,1,USD,20,0,148,0,0,0,424,742,2014,0
385,385,385,1,USD,104,0,163,0,0,0,942,5605,176,0
386,386,386,0,USD,199,0,67,190,0,0,827,6003,1714,0
387,387,387,1,USD,29,0,143,0,0,0,325,4110,2405,0
388,388,388,0,USD,4,0,253,0,0,64,517,1014,2476,0
389,389,389,1,USD,19,0,161,0,0,0,840,6075,2321,0
390,390,390,0,USD,18,0,113,0,0,0,385,585,2209,0
391,391,391,1,USD,90,0,371,0,0,0,147,8974,773,0
392,392,392,0,USD,25,0,104,0,0,0,638,3845,1327,0
393,393,393,1,USD,60,0,155,295,0,0,184,1782,2531,0
394,394,394,1,USD,8,0,103,185,0,0,729,3167,2119,0
395,395,395,0,USD,263,0,7,0,0,0,237,1724,2561,0
396,396,396,1,USD,16,0,106,0,0,53,134,3553,1658,0
397,397,397,1,USD,465,0,102,0,0,0,928,3697,2924,0
398,398,398,1,USD,224,0,105,160,0,0,946,3797,2987,0
399,399,399,1,USD,160,0,91,0,0,0,657,5006,2048,0
400,400,400,1,USD,3,0,137,0,0,0,617,8894,403,0
401,401,401,1,USD,22,0,101,0,0,0,713,112,971,0
402,402,402,1,USD,77,0,318,0,0,0,672,6071,1079,0
403,403,403,1,USD,26,0,176,0,0,0,446,7176,1614,0
404,404,404,0,USD,18,0,151,0,0,0,520,4391,824,0
405,405,405,1,USD,163,0,149,0,0,0,743,3582,954,0
406,406,406,1,USD,229,0,46,0,0,0,853,4527,473,0
407,407,407,0,USD,118,0,31,0,0,80,862,9522,985,0
408,408,408,1,USD,57,0,144,0,0,0,316,5927,1417,0
409,409,409,1,USD,21,0,100,0,0,0,107,5126,2156,0
410,410,410,1,USD,65,0,187,0,0,0,482,6546,1611,0
411,411,411,1,USD,158,0,8,0,9819,0,400,5868,1104,0
412,412,412,1,USD,77,0,165,0,0,0,920,7271,1692,0
413,413,413,1,USD,57,0,130,0,0,0,537,6655,1806,0
414,414,414,1,USD,293,0,203,0,0,0,536,1678,1034,0
415,415,415,1,USD,32,0,169,0,0,0,659,4236,951,0
416,416,416,1,USD,103,0,106,0,0,0,80,7974,876,0
417,417,417,1,USD,123,0,24,0,0,0,832,9485,385,0
418,418,418,1,USD,236,0,9,0,0,0,23,7344,1717,0
419,419,419,1,USD,13,0,172,0,0,0,139,1713,128,0
420,420,420,1,USD,2,0,338,0,0,0,334,9790,1484,0
421,421,421,1,USD,56,0,238,0,0,0,508,2733,1942,0
422,422,422,1,USD,72,0,110,0,0,0,13,6077,318,0
423,423,423,1,USD,14,0,165,0,0,0,371,1977,1850,0
424,424,424,0,USD,7,0,114,0,0,0,873,3095,678,0
425,425,425,1,USD,6,0,152,0,0,0,113,7198,1278,0
426,426,426,1,USD,117,0,140,0,0,0,930,5469,2002,0
427,427,427,1,USD,281,0,174,60,0,0,497,3181,2505,0
428,428,428,1,USD,273,0,15,165,0,0,31,6033,2784,0
429,429,429,1,USD,139,0,235,50,3507,0,939,3806,146,0
430,430,430,1,USD,10,65,124,0,0,0,725,7309,965,2
431,431,431,1,USD,167,0,6,0,0,0,805,3354,1503,0
432,432,432,1,USD,341,0,139,0,6919,0,122,8699,2400,0
433,433,433,1,USD,29,0,240,65,0,0,187,9703,2359,0
434,434,434,1,USD,21,0,148,0,0,0,729,9519,1719,0
435,435,435,1,USD,44,0,117,0,0,0,6,8525,507,0
436,436,436,1,USD,530,0,22,0,0,0,44,1924,408,0
437,437,437,1,USD,33,0,111,0,0,0,13,666,737,0
438,438,438,1,USD,99,0,175,0,0,0,598,2816,1633,0
439,439,439,1,USD,473,0,123,0,0,0,714,5943,2942,0
440,440,440,1,USD,30,0,117,0,0,0,341,5023,1427,0
441,441,441,1,USD,32,0,365,0,0,0,491,3803,757,0
442,442,442,1,USD,384,0,101,255,0,0,30,4794,2921,0
443,443,443,1,USD,8,0,271,35,0,0,954,3132,820,0
444,444,444,1,USD,82,0,184,0,0,0,156,5923,1786,0
445,445,445,1,USD,3,0,267,0,0,0,45,1243,915,0
446,446,446,1,USD,122,0,32,0,0,0,220,7351,1010,0
447,447,447,1,USD,115,0,34,0,0,0,574,4719,951,0
448,448,448,1,USD,30,0,125,0,0,0,986,8671,2538,0
449,449,449,1,USD,236,0,22,0,0,0,146,1787,671,0
450,450,450,1,USD,54,0,142,35,0,0,315,6734,85,0
451,451,451,1,USD,76,0,148,0,0,0,966,1750,572,0
452,452,452,1,USD,44,0,107,0,0,0,899,9766,2886,0
453,453,453,1,USD,20,0,133,0,0,0,180,9624,1386,0
454,454,454,1,USD,30,0,109,0,0,0,113,1481,2810,0
455,455,455,0,USD,73,0,220,0,0,0,371,8154,2500,0
456,456,456,1,USD,82,0,131,0,0,0,751,5076,2443,0
457,457,457,1,USD,2,0,228,0,0,0,256,9874,1292,0
458,458,458,1,USD,55,0,113,0,0,0,426,565,220,0
459,459,459,1,USD,158,0,53,0,0,0,942,6605,906,0
460,460,460,1,USD,8,0,199,0,6912,0,522,2970,1190,0
461,461,461,0,USD,38,0,118,0,0,0,608,2094,1401,0
462,462,462,1,USD,55,0,144,0,0,0,315,72,2680,0
463,463,463,1,USD,296,0,18,-60,0,0,502,8100,2050,0
464,464,464,1,USD,10,0,120,230,0,0,828,5422,2120,0
465,465,465,1,USD,155,0,31,0,0,0,141,5647,1828,0
466,466,466,1,USD,3,0,241,180,0,0,602,6331,37,0
467,467,467,1,USD,85,0,218,0,0,0,141,7847,2346,0
468,468,468,1,USD,130,0,15,0,0,0,872,8667,2680,0
469,469,469,1,USD,21,0,106,0,0,0,521,7879,2079,0
470,470,470,1,USD,55,0,122,0,0,43,958,7216,2013,0
471,471,471,1,USD,18,0,101,0,0,0,887,5432,2311,0
472,472,472,1,USD,121,43,3,0,0,0,123,5230,515,10
473,473,473,1,USD,11,0,133,0,0,0,958,1177,591,0
474,474,474,1,USD,37,0,134,0,0,0,472,5659,135,0
475,475,475,1,USD,79,0,126,0,0,0,126,4731,231,0
476,476,476,1,USD,49,0,331,0,0,0,255,1848,953,0
477,477,477,1,USD,71,0,112,240,0,0,430,2660,1594,0
478,478,478,1,USD,110,0,75,225,0,0,779,621,1557,0
479,479,479,1,USD,127,0,36,0,0,0,636,3668,892,0
480,480,480,1,USD,234,0,55,-10,0,72,25,425,2645,0
481,481,481,1,USD,187,0,11,0,0,0,888,27,1871,0
482,482,482,1,USD,247,0,150,0,0,0,778,3106,1166,0
483,483,483,1,USD,0,0,104,0,7525,82,390,1377,964,0
484,484,484,1,USD,29,45,234,0,0,0,383,2246,543,57
485,485,485,1,USD,133,0,49,0,0,0,368,6721,2741,0
486,486,486,0,USD,50,0,191,0,0,0,266,8948,2606,0
487,487,487,0,USD,73,0,150,0,0,0,775,7028,149,0
488,488,488,1,USD,19,0,145,0,0,0,975,6291,2701,0
489,489,489,1,USD,258,0,16,0,0,0,694,7347,2715,0
490,490,490,1,USD,400,0,57,0,3164,0,198,976,2902,0
491,491,491,1,USD,145,0,154,0,0,0,864,8719,405,0
492,492,492,1,USD,54,0,114,0,0,0,232,9021,2030,0
493,493,493,1,USD,205,0,35,90,0,0,935,2310,1750,0
494,494,494,1,USD,20,0,244,0,0,0,442,4059,1314,0
495,495,495,1,USD,41,0,184,155,0,0,944,3647,1673,0
496,496,496,1,USD,178,0,5,0,0,0,114,7624,2582,0
497,497,497,1,USD,1,0,111,0,0,0,697,1989,1927,0
498,498,498,1,USD,42,0,136,0,0,0,972,3214,2475,0
499,499,499,1,USD,53,0,185,0,0,0,957,2116,852,0
500,500,500,1,USD,14,0,169,150,0,93,786,8109,2132,0
501,501,501,1,USD,67,0,186,200,0,0,454,2682,2324,0
502,502,502,1,USD,49,0,123,0,8424,0,108,3262,1008,0
503,503,503,1,USD,78,0,211,75,0,0,865,205,1024,0
504,504,504,1,USD,46,0,162,0,0,0,251,4636,948,0
505,505,505,1,USD,1,0,333,-65,0,0,208,7863,278,0
506,506,506,0,USD,76,0,129,0,0,0,186,497,1424,0
507,507,507,1,USD,41,0,219,0,0,0,401,1870,1431,0
508,508,508,1,USD,46,0,110,0,0,0,615,526,2839,0
509,509,509,0,USD,23,0,124,0,0,0,338,5965,1408,0
510,510,510,1,USD,87,0,129,0,0,0,175,6913,990,0
511,511,511,1,USD,85,0,109,0,0,0,187,4867,2530,0
512,512,512,1,USD,14,0,115,0,0,57,361,5746,1050,0
513,513,513,1,USD,104,0,10,0,0,0,601,8612,647,0
514,514,514,1,USD,261,0,114,0,0,0,307,8794,1674,0
515,515,515,0,USD,97,0,121,0,0,0,227,5465,2664,0
516,516,516,1,USD,116,0,17,165,4426,0,831,4465,1526,0
517,517,517,1,USD,294,0,7,0,0,0,75,8870,2901,0
518,518,518,1,USD,223,0,43,225,0,0,952,8722,2545,0
519,519,519,1,USD,64,0,203,0,0,0,623,8717,2116,0
520,520,520,1,USD,140,0,8,0,0,0,772,4918,2883,0
521,521,521,1,USD,190,0,33,205,0,0,81,7388,1998,0
522,522,522,1,USD,77,0,111,0,0,0,815,7399,2762,0
523,523,523,1,USD,78,0,250,345,0,0,85,2509,806,0
524,524,524,1,USD,39,0,117,0,0,80,729,9557,1458,0
525,525,525,1,USD,122,0,51,0,0,0,957,1551,2241,0
526,526,526,1,USD,36,0,134,0,0,0,376,1100,2814,0
527,527,527,1,USD,215,0,9,235,0,0,218,3800,1085,0
528,528,528,0,USD,44,0,218,0,0,0,263,2755,1114,0
529,529,529,0,USD,82,0,113,0,0,0,921,9718,789,0
530,530,530,1,USD,146,0,133,0,0,0,789,7550,218,0
531,531,531,1,USD,121,0,121,135,0,0,501,8159,825,0
532,532,532,1,USD,33,0,124,0,1892,0,681,4472,1764,0
533,533,533,1,USD,8,0,355,275,0,0,756,8133,719,0
534,534,534,1,USD,49,0,160,0,0,39,828,7407,1577,0
535,535,535,1,USD,67,0,175,0,0,0,549,5675,2956,0
536,536,536,1,USD,81,0,112,0,0,0,506,5989,1347,0
537,537,537,1,USD,58,0,132,0,0,0,760,7815,2528,0
538,538,538,1,USD,485,0,143,0,0,0,120,5895,2181,0
539,539,539,1,USD,219,0,24,0,0,0,154,4881,1426,0
540,540,540,0,USD,153,0,71,0,376,0,942,8273,1349,0
541,541,541,1,USD,117,0,22,0,1772,0,271,1818,127,0
542,542,542,1,USD,110,0,58,0,0,0,720,5773,1804,0
543,543,543,1,USD,44,0,444,0,0,0,922,4607,2011,0
544,544,544,1,USD,17,0,180,65,0,0,173,5065,1437,0
545,545,545,1,USD,32,0,177,0,0,64,343,7429,833,0
546,546,546,1,USD,39,0,221,-50,0,0,867,6258,1148,0
547,547,547,1,USD,86,0,321,0,0,0,315,9023,399,0
548,548,548,0,USD,77,84,138,0,4225,0,836,589,1057,7
549,549,549,1,USD,97,0,192,0,0,0,779,9191,521,0
550,550,550,1,USD,116,0,29,40,0,0,748,9939,2755,0
551,551,551,1,USD,20,0,480,0,0,0,215,4031,2352,0
552,552,552,1,USD,40,0,297,0,0,0,774,3871,2337,0
553,553,553,0,USD,224,0,95,0,0,0,999,705,1932,0
554,554,554,1,USD,0,0,102,0,0,0,10,420,1401,0
555,555,555,1,USD,134,0,151,0,0,0,989,5968,387,0
556,556,556,1,USD,453,0,6,175,0,0,391,8544,1303,0
557,557,557,1,USD,6,0,138,0,0,0,502,6877,2880,0
558,558,558,1,USD,24,0,133,0,0,0,778,2725,2763,0
559,559,559,1,USD,135,0,21,0,9323,0,761,457,2265,0
560,560,560,0,USD,104,0,62,0,0,0,84,9608,63,0
561,561,561,1,USD,137,0,19,0,0,0,612,9460,2465,0
562,562,562,1,USD,32,0,117,0,9532,0,738,4780,2083,0
563,563,563,1,USD,25,0,109,155,0,0,449,9808,1152,0
564,564,564,1,USD,121,0,9,210,0,0,663,4181,1786,0
565,565,565,1,USD,60,0,132,0,0,0,612,2506,747,0
566,566,566,1,USD,79,0,173,0,0,0,846,8094,250,0
567,567,567,1,USD,30,0,181,0,0,0,414,9596,454,0
568,568,568,1,USD,183,0,113,0,0,0,517,494,742,0
569,569,569,1,USD,2,0,211,0,0,85,637,6702,2429,0
570,570,570,1,USD,115,0,137,0,0,0,122,2085,177,0
571,571,571,1,USD,173,0,127,0,0,0,576,3665,2043,0
572,572,572,1,USD,135,0,28,45,0,0,681,8933,553,0
573,573,573,1,USD,162,0,31,0,0,0,39,5309,2046,0
574,574,574,0,USD,19,0,195,0,0,0,684,3253,1749,0
575,575,575,1,USD,163,0,5,0,0,0,282,2029,1856,0
576,576,576,0,USD,143,0,98,0,0,0,831,8083,1754,0
577,577,577,1,USD,9,0,122,100,0,0,554,2610,2043,0
578,578,578,1,USD,66,0,250,0,0,0,854,934,1879,0
579,579,579,1,USD,46,0,121,0,0,0,770,8405,1008,0
580,580,580,1,USD,12,0,195,0,0,0,636,4878,887,0
581,581,581,1,USD,19,0,305,0,0,0,966,5140,369,0
582,582,582,1,USD,104,0,48,0,0,0,700,3723,2712,0
583,583,583,1,USD,71,0,101,0,0,0,334,2856,648,0
584,584,584,1,USD,103,0,20,285,0,0,379,716,2110,0
585,585,585,1,USD,14,0,151,95,0,0,485,2929,2809,0
586,586,586,0,USD,106,0,5,0,0,0,635,9398,2287,0
587,587,587,1,USD,18,0,137,0,0,0,538,9742,1286,0
588,588,588,1,USD,17,0,156,0,0,0,381,5653,1877,0
589,589,589,1,USD,32,0,131,0,0,0,8,8975,2207,0
590,590,590,1,USD,297,0,9,0,0,0,230,2648,896,0
591,591,591,0,USD,11,0,151,0,0,0,734,9564,2884,0
592,592,592,0,USD,70,0,166,0,0,0,316,5196,105,0
593,593,593,1,USD,102,0,70,0,0,0,969,1173,2509,0
594,594,594,1,USD,1,0,197,130,0,0,768,768,2550,0
595,595,595,1,USD,366,0,10,0,0,0,4,1045,778,0
596,596,596,1,USD,59,0,186,0,0,57,343,2028,705,0
597,597,597,1,USD,417,0,14,0,0,49,318,5827,2812,0
598,598,598,1,USD,109,98,7,0,0,0,754,8119,635,307
599,599,599,1,USD,11,0,128,0,0,0,141,2301,724,0
600,600,600,0,USD,162,0,33,160,0,46,641,5871,2257,0
601,601,601,0,USD,119,0,5,0,0,0,811,6198,2594,0
602,602,602,1,USD,57,0,158,0,0,87,533,8735,2738,0
603,603,603,1,USD,75,0,383,0,0,0,550,4532,460,0
604,604,604,1,USD,191,0,27,0,0,0,291,6400,51,0
605,605,605,1,USD,79,0,182,0,0,0,650,1980,2479,0
606,606,606,1,USD,33,0,133,0,0,0,944,7031,2318,0
607,607,607,1,USD,98,0,147,0,0,0,303,6872,1050,0
608,608,608,1,USD,34,0,114,270,7510,0,362,3216,1439,0
609,609,609,1,USD,14,0,227,0,0,0,50,1293,142,0
610,610,610,1,USD,8,0,108,0,0,0,848,3251,2841,0
611,611,611,1,USD,143,0,31,0,1480,0,108,3570,1360,0
612,612,612,1,USD,84,0,108,0,299,0,738,1762,1768,0
613,613,613,1,USD,22,0,101,0,3579,0,140,7072,1191,0
614,614,614,1,USD,207,0,11,0,0,0,348,8184,1984,0
615,615,615,1,USD,5,0,187,275,0,0,208,2461,2744,0
616,616,616,1,USD,438,0,162,0,0,0,66,6263,2819,0
617,617,617,1,USD,39,0,204,0,0,0,690,5487,2978,0
618,618,618,1,USD,24,0,137,0,0,0,39,734,285,0
619,619,619,1,USD,1,0,140,0,0,0,474,1695,1393,0
620,620,620,1,USD,257,0,174,0,0,0,526,3622,2513,0
621,621,621,1,USD,57,0,298,0,0,0,168,1429,342,0
622,622,622,1,USD,81,0,298,0,0,0,771,4077,2324,0
623,623,623,1,USD,520,0,123,0,9249,0,742,2148,1282,0
624,624,624,1,USD,84,0,117,85,9988,0,99,2473,1402,0
625,625,625,1,USD,211,0,1,0,0,0,283,8094,4,0
626,626,626,1,USD,234,0,47,0,0,0,937,7719,2869,0
627,627,627,1,USD,22,0,142,0,5969,0,192,4635,1361,0
628,628,628,1,USD,110,0,82,0,0,0,747,6174,1957,0
629,629,629,1,USD,73,0,194,50,0,0,629,1825,1630,0
630,630,630,1,USD,165,0,242,0,0,0,853,3408,2632,0
631,631,631,1,USD,44,99,218,0,0,0,630,3344,689,1
632,632,632,1,USD,28,33,101,0,0,0,347,1186,97,38
633,633,633,1,USD,61,0,125,0,0,0,344,1377,2434,0
634,634,634,1,USD,37,0,235,0,0,0,238,5907,2725,0
635,635,635,1,USD,32,0,178,0,0,0,767,3603,2569,0
636,636,636,1,USD,112,0,345,0,0,0,755,2596,1390,0
637,637,637,1,USD,44,0,143,0,0,0,808,3277,1022,0
638,638,638,1,USD,92,0,148,0,0,0,627,1903,813,0
639,639,639,0,USD,64,0,170,0,6200,0,417,2548,371,0
640,640,640,1,USD,95,0,293,0,0,0,363,9225,2306,0
641,641,641,0,USD,113,80,100,0,0,0,498,1558,505,15
642,642,642,1,USD,41,0,114,125,0,0,745,5070,1643,0
643,643,643,1,USD,15,0,101,0,0,0,974,492,1599,0
644,644,644,1,USD,200,0,165,0,0,0,860,4004,129,0
645,645,645,1,USD,56,0,161,0,0,0,714,865,2559,0
646,646,646,0,USD,12,0,118,0,0,0,119,2162,2708,0
647,647,647,1,USD,69,0,305,0,0,0,332,2055,2723,0
648,648,648,1,USD,22,0,139,0,0,90,894,1410,676,0
649,649,649,1,USD,27,0,152,0,0,0,997,6056,2456,0
650,650,650,0,USD,42,0,159,0,0,0,552,8359,1183,0
651,651,651,1,USD,63,0,213,0,0,0,933,9968,89,0
652,652,652,1,USD,79,0,140,0,3788,0,139,8430,1146,0
653,653,653,1,USD,44,0,118,0,0,0,971,9739,2427,0
654,654,654,1,USD,24,0,112,0,0,0,666,6587,70,0
655,655,655,1,USD,202,0,74,0,0,0,973,6358,696,0
656,656,656,1,USD,173,0,166,0,0,0,540,514,2212,0
657,657,657,1,USD,6,0,156,0,9152,0,575,2723,1243,0
658,658,658,1,USD,27,0,113,0,9579,0,748,9389,1192,0
659,659,659,1,USD,20,0,204,0,0,0,728,674,405,0
660,660,660,1,USD,41,0,138,0,1148,0,361,6058,440,0
661,661,661,1,USD,64,0,104,0,0,0,181,3088,748,0
662,662,662,1,USD,94,0,139,0,0,0,573,4150,1634,0
663,663,663,1,USD,9,0,160,0,9797,0,59,1632,1897,0
664,664,664,1,USD,186,0,55,0,0,0,631,8453,1072,0
665,665,665,1,USD,105,30,18,0,0,0,301,3430,884,121
666,666,666,1,USD,5,0,134,145,0,0,59,4018,361,0
667,667,667,1,USD,63,0,170,0,0,0,880,2947,1003,0
668,668,668,1,USD,1,0,145,0,0,0,422,2229,1469,0
669,669,669,1,USD,51,0,107,0,0,0,88,975,1208,0
670,670,670,1,USD,282,65,35,245,0,0,301,7704,2385,17
671,671,671,1,USD,12,0,139,0,0,0,939,6478,2983,0
672,672,672,1,USD,1,0,115,120,0,0,293,4717,477,0
673,673,673,1,USD,28,0,123,0,0,0,290,5680,760,0
674,674,674,1,USD,82,0,139,115,0,0,371,9662,1081,0
675,675,675,1,USD,25,0,147,0,0,0,426,8126,585,0
676,676,676,0,USD,3,0,208,0,0,0,419,3558,2707,0
677,677,677,1,USD,61,0,197,0,0,0,769,2318,209,0
678,678,678,1,USD,67,0,166,0,0,92,799,2758,425,0
679,679,679,1,USD,124,0,77,0,0,0,554,2603,33,0
680,680,680,1,USD,11,0,111,0,7581,0,3,1268,573,0
681,681,681,1,USD,58,0,104,0,0,31,728,991,2359,0
682,682,682,1,USD,40,0,106,215,0,0,272,2041,1664,0
683,683,683,1,USD,4,0,122,0,0,0,827,902,2960,0
684,684,684,1,USD,36,0,168,0,0,0,378,4979,904,0
685,685,685,1,USD,9,0,151,0,0,0,594,5966,1751,0
686,686,686,1,USD,8,0,169,0,7553,0,998,2693,1541,0
687,687,687,1,USD,17,0,132,0,0,0,445,6371,2716,0
688,688,688,1,USD,115,0,159,0,0,0,274,9839,1081,0
689,689,689,1,USD,29,0,131,0,0,0,417,3327,784,0
690,690,690,1,USD,83,0,103,0,0,0,551,155,2348,0
691,691,691,1,USD,69,0,158,0,0,0,224,8034,831,0
692,692,692,1,USD,201,0,9,0,0,0,25,7635,554,0
693,693,693,1,USD,195,0,1,0,0,0,358,3574,297,0
694,694,694,0,USD,5,0,274,0,0,0,275,2227,1235,0
695,695,695,1,USD,21,0,184,160,0,0,215,2889,2100,0
696,696,696,1,USD,12,96,394,85,0,0,763,5591,1691,12
697,697,697,0,USD,99,0,105,0,0,0,172,255,2557,0
698,698,698,1,USD,232,0,77,0,0,0,520,7439,2032,0
699,699,699,1,USD,88,0,137,0,0,0,686,1706,1086,0
700,700,700,1,USD,121,0,92,0,0,0,590,1850,2113,0
701,701,701,1,USD,226,0,26,0,0,0,813,4552,2793,0
702,702,702,1,USD,76,0,102,90,0,0,645,9932,2993,0
703,703,703,1,USD,1,51,482,250,0,0,457,2847,887,131
704,704,704,0,USD,38,0,127,0,4710,0,916,3759,959,0
705,705,705,1,USD,176,0,12,0,0,0,530,7807,2459,0
706,706,706,1,USD,78,0,131,130,9861,0,289,1646,220,0
707,707,707,1,USD,11,0,379,270,0,91,156,5233,2065,0
708,708,708,0,USD,76,0,101,0,0,0,613,1958,1092,0
709,709,709,1,USD,82,0,190,0,0,0,37,9500,289,0
710,710,710,0,USD,31,0,128,50,0,0,249,8008,131,0
711,711,711,1,USD,166,0,39,0,8805,0,864,8219,353,0
712,712,712,1,USD,10,0,101,0,0,32,827,3835,46,0
713,713,713,1,USD,151,0,36,0,0,0,584,5045,724,0
714,714,714,0,USD,117,0,25,0,0,0,278,4090,413,0
715,715,715,1,USD,169,52,30,100,8871,0,738,2447,308,75
716,716,716,1,USD,150,0,239,0,0,0,606,6737,1871,0
717,717,717,1,USD,33,0,150,0,0,0,865,3590,2117,0
718,718,718,1,USD,87,0,243,0,0,0,840,1509,1756,0
719,719,719,1,USD,119,0,16,0,5936,0,20,4196,2404,0
720,720,720,1,USD,52,0,160,100,0,0,287,5836,2544,0
721,721,721,1,USD,21,0,432,0,0,0,17,5510,1252,0
722,722,722,1,USD,128,0,19,0,0,0,520,3772,712,0
723,723,723,1,USD,31,0,271,130,0,0,146,1842,750,0
724,724,724,1,USD,84,0,172,0,0,0,957,8429,847,0
725,725,725,1,USD,230,0,26,0,0,0,343,6855,71,0
726,726,726,0,USD,108,0,39,-105,6413,0,826,6901,1919,0
727,727,727,1,USD,133,0,35,225,0,0,172,8626,522,0
728,728,728,1,USD,71,0,104,0,4520,0,866,461,327,0
729,729,729,1,USD,77,0,204,0,0,0,271,8537,1799,0
730,730,730,1,USD,34,0,152,0,0,0,688,1013,752,0
731,731,731,1,USD,57,0,210,0,0,0,766,2137,2361,0
732,732,732,1,USD,229,0,15,45,0,0,235,2001,1705,0
733,733,733,1,USD,47,0,110,0,0,0,445,8612,2420,0
734,734,734,1,USD,128,0,12,85,0,0,61,2590,1130,0
735,735,735,0,USD,221,0,124,145,0,0,591,3504,1107,0
736,736,736,1,USD,38,0,122,0,0,62,487,3287,509,0
737,737,737,1,USD,183,0,103,255,0,0,384,1698,1741,0
738,738,738,1,USD,272,0,64,0,0,0,162,296,1018,0
739,739,739,1,USD,148,0,34,0,0,0,510,1641,2170,0
740,740,740,1,USD,71,0,155,0,0,0,449,3631,1112,0
741,741,741,1,USD,39,0,114,10,0,47,538,2643,1932,0
742,742,742,1,USD,161,0,20,0,0,0,322,1937,93,0
743,743,743,1,USD,28,0,155,0,0,0,150,2800,1852,0
744,744,744,1,USD,127,0,2,275,0,0,585,2218,377,0
745,745,745,1,USD,6,0,128,0,0,0,5,4732,1647,0
746,746,746,0,USD,109,53,28,0,0,0,376,4298,605,4
747,747,747,1,USD,642,0,134,0,0,0,778,3148,2979,0
748,748,748,1,USD,63,0,151,0,0,0,214,6558,1917,0
749,749,749,1,USD,59,0,211,0,0,0,432,8043,485,0
750,750,750,0,USD,22,0,128,0,0,0,382,3984,530,0
751,751,751,1,USD,7,57,131,155,0,0,792,5519,1529,35
752,752,752,1,USD,37,0,104,0,0,42,225,6414,1301,0
753,753,753,1,USD,9,0,130,0,0,0,579,757,1071,0
754,754,754,1,USD,242,0,225,0,0,0,144,9088,723,0
755,755,755,1,USD,193,0,137,0,1744,0,544,2934,996,0
756,756,756,1,USD,71,0,118,0,0,0,507,4030,2911,0
757,757,757,1,USD,65,0,100,0,0,0,29,2676,2709,0
758,758,758,1,USD,553,0,22,0,0,0,207,3391,1195,0
759,759,759,1,USD,187,0,10,105,0,0,993,9677,113,0
760,760,760,1,USD,22,0,128,0,0,0,464,8630,2190,0
761,761,761,0,USD,32,0,192,0,0,0,891,2499,1815,0
762,762,762,1,USD,7,0,155,0,0,0,966,8629,376,0
763,763,763,1,USD,123,0,66,0,0,0,958,5839,1903,0
764,764,764,1,USD,230,0,71,0,0,0,486,5927,1271,0
765,765,765,0,USD,44,0,230,0,7357,0,194,2,1178,0
766,766,766,0,USD,8,0,142,0,0,0,165,2249,2133,0
767,767,767,1,USD,50,0,160,0,0,0,539,4381,223,0
768,768,768,1,USD,23,0,123,0,0,0,679,5635,2282,0
769,769,769,1,USD,113,0,139,20,0,0,170,2404,1654,0
770,770,770,1,USD,16,0,193,0,0,0,647,6653,2059,0
771,771,771,1,USD,42,75,247,0,0,0,680,1705,1002,139
772,772,772,1,USD,47,0,223,0,0,0,222,5585,1545,0
773,773,773,1,USD,290,0,4,0,0,0,489,4817,2135,0
774,774,774,1,USD,14,0,247,0,0,0,961,647,1433,0
775,775,775,1,USD,80,0,159,0,0,0,597,192,2040,0
776,776,776,1,USD,0,0,169,0,0,0,352,8245,28,0
777,777,777,1,USD,218,0,281,0,0,0,803,4410,918,0
778,778,778,1,USD,2,0,234,95,2707,0,965,7774,1774,0
779,779,779,1,USD,20,0,124,0,0,0,875,157,32,0
780,780,780,0,USD,11,0,401,0,0,0,919,7021,1581,0
781,781,781,1,USD,185,0,37,110,0,0,25,1351,2842,0
782,782,782,1,USD,22,0,359,0,0,0,690,1746,775,0
783,783,783,0,USD,104,0,238,0,0,0,157,6402,2381,0
784,784,784,1,USD,1,0,130,115,0,0,737,4743,1560,0
785,785,785,0,USD,187,0,29,0,0,0,22,2297,1585,0
786,786,786,1,USD,55,0,151,0,0,0,395,8872,958,0
787,787,787,1,USD,3,0,161,0,0,0,405,1958,2692,0
788,788,788,1,USD,1,0,169,0,204,0,641,5967,1488,0
789,789,789,0,USD,65,0,123,0,0,0,76,5548,2830,0
790,790,790,1,USD,305,0,177,-10,0,0,56,9626,582,0
791,791,791,1,USD,103,0,97,0,0,0,328,6767,2071,0
792,792,792,1,USD,87,0,105,140,0,0,736,3603,1741,0
793,793,793,1,USD,199,0,59,0,0,0,778,1167,1739,0
794,794,794,1,USD,3,0,164,0,0,80,496,1264,2813,0
795,795,795,1,USD,40,0,100,390,0,0,139,4274,2392,0
796,796,796,1,USD,22,0,102,0,0,0,145,985,405,0
797,797,797,1,USD,65,0,312,0,0,0,136,6790,901,0
798,798,798,1,USD,58,0,111,310,0,0,105,8546,1255,0
799,799,799,1,USD,6,0,237,0,0,0,913,4708,1991,0
800,800,800,1,USD,42,0,123,100,0,0,59,6289,1051,0
801,801,801,1,USD,315,0,147,0,0,0,87,3312,283,0
802,802,802,1,USD,22,0,108,0,0,0,680,1007,2243,0
803,803,803,1,USD,27,0,139,0,0,0,213,2384,325,0
804,804,804,1,USD,46,66,165,0,0,0,892,3221,1411,35
805,805,805,0,USD,135,0,23,-5,0,0,500,4651,1424,0
806,806,806,1,USD,7,0,165,0,0,0,546,149,1191,0
807,807,807,1,USD,110,0,321,0,0,63,589,217,1860,0
808,808,808,1,USD,104,0,51,0,0,0,45,4027,214,0
809,809,809,1,USD,78,74,190,0,0,0,429,9460,916,19
810,810,810,1,USD,9,0,125,0,0,0,868,7533,258,0
811,811,811,1,USD,81,0,220,-45,0,0,448,7673,2715,0
812,812,812,1,USD,62,83,166,0,0,0,381,2449,1234,15
813,813,813,1,USD,123,0,25,0,0,0,292,7811,1032,0
814,814,814,1,USD,215,0,69,0,0,0,867,9852,1675,0
815,815,815,1,USD,175,0,40,100,0,0,714,4352,677,0
816,816,816,1,USD,309,0,91,0,0,0,763,9311,2236,0
817,817,817,1,USD,16,0,117,0,0,0,792,9515,257,0
818,818,818,1,USD,73,0,227,0,0,0,19,6199,1809,0
819,819,819,1,USD,24,74,103,0,0,0,574,5813,2683,31
820,820,820,1,USD,377,0,40,0,0,0,674,5987,666,0
821,821,821,1,USD,38,0,167,170,0,0,92,1777,152,0
822,822,822,1,USD,41,0,147,0,0,0,793,967,610,0
823,823,823,1,USD,112,0,46,0,0,0,179,4099,1756,0
824,824,824,1,USD,275,0,70,0,0,66,262,4481,1845,0
825,825,825,0,USD,13,0,164,0,0,0,735,549,8,0
826,826,826,1,USD,16,0,143,85,0,0,168,776,923,0
827,827,827,1,USD,124,0,152,0,0,0,655,3657,1662,0
828,828,828,1,USD,38,52,139,0,0,0,944,1262,548,5
829,829,829,1,USD,18,0,229,270,0,0,919,8209,2960,0
830,830,830,1,USD,246,0,4,190,9627,0,575,5813,2948,0
831,831,831,1,USD,10,0,289,0,0,0,656,9967,2753,0
832,832,832,1,USD,173,0,171,0,0,0,212,779,1800,0
833,833,833,1,USD,66,0,217,110,0,0,187,9280,2517,0
834,834,834,1,USD,18,0,128,0,0,0,714,7072,2254,0
835,835,835,1,USD,62,0,156,0,0,0,658,1441,1300,0
836,836,836,1,USD,6,0,107,0,0,0,387,1079,2089,0
837,837,837,1,USD,7,0,133,0,0,0,943,6011,2988,0
838,838,838,1,USD,177,0,148,0,0,0,813,3401,963,0
839,839,839,1,USD,109,58,97,0,0,0,962,2781,72,74
840,840,840,1,USD,26,0,193,0,0,0,548,3301,1072,0
841,841,841,1,USD,85,0,200,0,0,0,83,4967,1351,0
842,842,842,1,USD,122,0,33,0,0,0,872,205,1161,0
843,843,843,1,USD,230,0,81,0,0,0,807,7365,2656,0
844,844,844,1,USD,37,0,119,0,0,0,907,6500,624,0
845,845,845,1,USD,9,0,126,0,0,56,836,3803,2373,0
846,846,846,1,USD,44,0,134,0,0,0,335,3859,864,0
847,847,847,1,USD,43,0,120,15,0,0,931,3152,1626,0
848,848,848,1,USD,28,0,134,0,0,0,614,6272,146,0
849,849,849,1,USD,6,0,123,90,0,0,190,5785,2091,0
850,850,850,1,USD,44,0,264,0,0,0,795,4492,2960,0
851,851,851,0,USD,204,0,56,0,0,0,475,5816,60,0
852,852,852,1,USD,96,0,123,45,0,0,10,8833,2195,0
853,853,853,1,USD,56,0,166,0,0,0,154,5439,1548,0
854,854,854,1,USD,66,0,408,0,0,0,169,4698,1654,0
855,855,855,1,USD,132,0,16,0,0,0,770,2816,257,0
856,856,856,1,USD,191,0,20,0,0,0,48,7788,1263,0
857,857,857,0,USD,162,0,14,0,0,0,903,9860,2994,0
858,858,858,1,USD,30,0,132,75,0,0,341,8125,2950,0
859,859,859,1,USD,26,0,168,70,0,0,417,6040,1995,0
860,860,860,1,USD,137,0,208,0,0,0,141,7278,2478,0
861,861,861,1,USD,178,0,160,0,0,0,207,7565,1730,0
862,862,862,1,USD,11,0,237,0,0,0,595,8082,2677,0
863,863,863,1,USD,15,47,166,0,0,0,489,3771,235,34
864,864,864,0,USD,115,0,255,0,0,0,986,3456,957,0
865,865,865,1,USD,83,0,105,180,0,0,840,2888,2858,0
866,866,866,1,USD,43,0,171,350,0,0,297,8170,1757,0
867,867,867,1,USD,34,97,177,0,0,0,256,1368,2219,110
868,868,868,0,USD,158,0,49,100,0,0,848,2052,1475,0
869,869,869,1,USD,220,0,109,0,6323,0,396,3650,1006,0
870,870,870,1,USD,22,0,203,0,0,0,693,9300,2019,0
871,871,871,1,USD,9,94,220,120,0,0,65,7426,2948,322
872,872,872,1,USD,177,0,103,0,2904,0,587,5873,1904,0
873,873,873,1,USD,80,0,105,0,0,0,708,3302,37,0
874,874,874,1,USD,10,0,155,0,0,0,747,6109,1929,0
875,875,875,1,USD,9,0,105,20,0,0,650,3125,1913,0
876,876,876,0,USD,406,0,24,0,0,0,153,1962,2712,0
877,877,877,1,USD,135,0,280,0,0,0,529,5401,2878,0
878,878,878,1,USD,118,0,35,30,0,0,26,8923,1244,0
879,879,879,1,USD,64,0,408,0,0,0,545,6393,2183,0
880,880,880,0,USD,12,0,140,0,0,0,176,4700,2543,0
881,881,881,0,USD,1,0,179,0,0,0,872,5198,2533,0
882,882,882,1,USD,10,0,157,0,0,0,563,9578,2737,0
883,883,883,1,USD,55,0,306,0,0,0,236,7334,2300,0
884,884,884,1,USD,217,0,63,0,0,0,754,5313,1788,0
885,885,885,1,USD,195,0,136,0,0,0,570,5104,2250,0
886,886,886,0,USD,86,0,305,0,0,0,89,2323,1922,0
887,887,887,0,USD,166,0,81,0,0,37,570,1865,1690,0
888,888,888,0,USD,152,0,174,0,4367,0,502,687,571,0
889,889,889,1,USD,117,0,91,-25,0,0,328,4465,2386,0
890,890,890,1,USD,24,0,227,0,0,0,642,9605,1982,0
891,891,891,1,USD,42,0,151,245,0,0,592,232,986,0
892,892,892,1,USD,114,0,32,0,882,0,184,9400,2139,0
893,893,893,0,USD,81,0,101,0,0,0,52,4742,2072,0
894,894,894,1,USD,177,0,4,0,0,0,615,6267,2486,0
895,895,895,1,USD,56,0,161,0,0,0,971,1881,530,0
896,896,896,1,USD,102,0,63,0,0,0,323,6484,2564,0
897,897,897,1,USD,18,0,117,0,0,0,346,907,2453,0
898,898,898,1,USD,27,0,336,0,0,0,628,4694,308,0
899,899,899,1,USD,26,0,171,0,0,0,336,1190,210,0
900,900,900,1,USD,247,0,239,0,0,0,424,6143,2161,0
901,901,901,1,USD,230,0,10,150,0,0,534,4523,2230,0
902,902,902,1,USD,128,0,5,0,0,0,991,2832,807,0
903,903,903,1,USD,178,0,5,0,0,0,729,7003,323,0
904,904,904,1,USD,44,0,114,0,0,0,966,1213,545,0
905,905,905,1,USD,37,0,221,0,0,0,71,1654,407,0
906,906,906,1,USD,59,0,234,315,0,0,521,7059,2786,0
907,907,907,1,USD,149,0,148,0,0,0,349,9419,2956,0
908,908,908,1,USD,140,0,275,80,0,0,162,5221,1323,0
909,909,909,0,USD,172,0,32,0,0,0,384,2396,898,0
910,910,910,1,USD,121,0,96,0,0,0,237,908,175,0
911,911,911,1,USD,83,0,195,0,0,0,908,7570,1752,0
912,912,912,1,USD,116,0,12,0,0,0,353,5156,2937,0
913,913,913,1,USD,66,0,106,0,0,0,561,1911,2224,0
914,914,914,1,USD,17,0,161,0,0,0,729,4939,1285,0
915,915,915,0,USD,2,0,170,0,0,0,904,5177,2332,0
916,916,916,1,USD,266,0,14,0,0,0,74,4035,185,0
917,917,917,1,USD,13,0,133,0,0,0,380,7044,1575,0
918,918,918,0,USD,199,0,2,115,0,0,636,994,2001,0
919,919,919,1,USD,75,0,261,140,0,0,982,9315,1979,0
920,920,920,1,USD,208,0,83,85,0,0,477,1181,2614,0
921,921,921,0,USD,14,0,121,0,0,0,894,5758,1213,0
922,922,922,1,USD,48,0,364,0,0,0,580,6626,2846,0
923,923,923,1,USD,41,0,137,0,0,0,34,7948,122,0
924,924,924,1,USD,58,0,111,190,0,0,292,8504,37,0
925,925,925,1,USD,39,0,218,0,0,0,936,9791,1288,0
926,926,926,1,USD,111,0,8,0,0,0,534,6853,2386,0
927,927,927,1,USD,1,85,119,0,0,0,656,6413,2664,119
928,928,928,1,USD,61,0,145,0,0,0,447,7904,1213,0
929,929,929,1,USD,12,0,180,0,0,0,922,2528,1291,0
930,930,930,0,USD,71,0,135,0,0,0,280,6631,215,0
931,931,931,1,USD,26,0,189,0,0,0,343,5737,2593,0
932,932,932,1,USD,184,0,3,0,0,0,301,1226,1904,0
933,933,933,1,USD,81,0,159,0,5321,0,180,2954,2253,0
934,934,934,1,USD,69,0,244,0,0,0,359,560,285,0
935,935,935,1,USD,191,0,21,20,0,49,345,8791,2778,0
936,936,936,1,USD,41,0,177,0,0,0,484,8269,908,0
937,937,937,0,USD,48,0,164,0,0,0,827,3086,880,0
938,938,938,1,USD,6,0,447,50,0,0,690,2091,2595,0
939,939,939,1,USD,128,0,46,0,0,0,58,3199,380,0
940,940,940,1,USD,42,0,239,0,0,0,261,998,1000,0
941,941,941,1,USD,230,0,71,-20,0,0,307,5722,419,0
942,942,942,1,USD,1,61,117,150,0,0,408,7400,176,6
943,943,943,1,USD,95,0,157,5,0,0,471,3423,1839,0
944,944,944,1,USD,3,0,183,0,0,0,638,5218,525,0
945,945,945,1,USD,297,0,161,0,0,0,590,8943,553,0
946,946,946,1,USD,7,0,152,0,0,0,968,166,1847,0
947,947,947,1,USD,15,0,159,0,0,0,394,3196,2415,0
948,948,948,0,USD,118,0,20,0,0,0,799,2505,623,0
949,949,949,1,USD,43,0,288,0,0,0,195,5852,48,0
950,950,950,1,USD,81,0,102,5,0,0,164,4878,446,0
951,951,951,1,USD,180,0,76,0,0,0,46,4865,146,0
952,952,952,1,USD,114,0,18,0,0,0,394,5438,1154,0
953,953,953,1,USD,125,0,56,0,0,0,724,4700,1029,0
954,954,954,1,USD,34,90,132,0,0,0,827,2295,1485,0
955,955,955,1,USD,29,0,145,0,0,0,477,7089,872,0
956,956,956,1,USD,214,0,91,0,0,0,8,2173,2563,0
957,957,957,1,USD,356,0,204,0,0,0,431,6576,550,0
958,958,958,1,USD,5,0,378,0,0,0,168,5864,871,0
959,959,959,1,USD,153,0,75,-45,0,0,626,5914,1895,0
960,960,960,1,USD,37,0,297,0,0,0,45,176,728,0
961,961,961,1,USD,13,0,108,0,0,41,523,26,1701,0
962,962,962,1,USD,29,0,134,0,0,98,605,7785,1636,0
963,963,963,1,USD,135,0,155,0,0,0,332,446,1341,0
964,964,964,1,USD,21,0,139,0,0,0,426,7609,2611,0
965,965,965,1,USD,32,0,121,0,0,0,99,3800,726,0
966,966,966,1,USD,85,0,287,0,0,0,334,2258,1042,0
967,967,967,1,USD,239,0,75,0,0,0,736,7424,1421,0
968,968,968,1,USD,206,0,59,0,0,0,589,1561,122,0
969,969,969,1,USD,122,0,1,0,0,0,74,2939,2201,0
970,970,970,1,USD,165,0,162,0,0,0,911,7916,1945,0
971,971,971,0,USD,113,56,25,220,0,0,71,4657,1310,160
972,972,972,1,USD,21,46,146,150,0,0,220,5128,979,17
973,973,973,1,USD,16,0,190,0,5426,0,581,3112,1326,0
974,974,974,1,USD,266,0,19,0,0,0,962,3309,1988,0
975,975,975,1,USD,13,0,102,90,0,0,813,7803,844,0
976,976,976,1,USD,21,0,131,0,0,0,350,2433,551,0
977,977,977,1,USD,328,0,19,0,0,0,272,7570,2213,0
978,978,978,1,USD,137,0,37,0,7173,0,3,523,2134,0
979,979,979,1,USD,48,0,140,0,0,0,841,7473,573,0
980,980,980,1,USD,69,0,525,135,0,0,106,389,1120,0
981,981,981,1,USD,178,0,289,0,0,0,241,4569,688,0
982,982,982,1,USD,275,0,30,210,0,0,38,979,992,0
983,983,983,1,USD,127,0,205,0,0,0,654,1527,2778,0
984,984,984,1,USD,8,0,141,0,0,0,640,7981,883,0
985,985,985,1,USD,73,0,135,0,2493,0,352,8637,201,0
986,986,986,1,USD,72,0,102,165,0,0,236,6131,145,0
987,987,987,1,USD,216,0,44,0,0,62,924,7477,1443,0
988,988,988,1,USD,15,0,148,0,0,0,228,8801,578,0
989,989,989,1,USD,360,71,37,0,0,0,489,4092,407,32
990,990,990,1,USD,25,0,146,25,0,0,190,1454,2836,0
991,991,991,1,USD,179,0,179,0,0,0,926,7034,1793,0
992,992,992,1,USD,362,0,114,0,0,0,621,7655,1670,0
993,993,993,1,USD,8,0,249,0,0,0,360,8896,2634,0
994,994,994,1,USD,445,0,37,0,0,0,920,8378,96,0
995,995,995,1,USD,41,0,423,0,0,0,361,7112,2068,0
996,996,996,1,USD,264,0,34,0,0,0,461,2040,2325,0
997,997,997,1,USD,331,0,105,0,0,0,773,1433,125,0
998,998,998,0,USD,78,0,120,0,0,0,867,7698,1487,0
999,999,999,1,USD,82,0,151,135,0,0,469,193,2041,0
1000,1000,1000,1,USD,49,0,169,95,0,0,942,8519,2522,0
